-- ============================================================
-- BrewPOS - Seed Data (Multi-Tenant)
-- Run AFTER schema.sql
-- ============================================================

-- ============================================================
-- DEMO TENANT
-- ============================================================
INSERT INTO tenants (id, company_name, address, phone, is_setup_done, payment_config) VALUES
  ('f1000000-0000-0000-0000-000000000001',
   'BrewPOS Demo Coffee Shop',
   'Makati City, Metro Manila',
   '+63-2-8888-0001',
   TRUE,
   '{"gcash":{"enabled":false},"maya":{"enabled":false},"gotyme":{"enabled":false},"bank_transfer":{"enabled":false}}'
  );

-- ============================================================
-- USERS (linked to demo tenant)
-- ============================================================
INSERT INTO users (id, tenant_id, name, email, password, role) VALUES
  ('a1b2c3d4-0000-0000-0000-000000000001',
   'f1000000-0000-0000-0000-000000000001',
   'Alex Rivera', 'admin@brewpos.com',
   '$2b$10$YourHashHere_ReplaceWithActualBcryptHash_Admin123',
   'admin'),
  ('a1b2c3d4-0000-0000-0000-000000000002',
   'f1000000-0000-0000-0000-000000000001',
   'Morgan Lee', 'manager@brewpos.com',
   '$2b$10$YourHashHere_ReplaceWithActualBcryptHash_Manager123',
   'manager'),
  ('a1b2c3d4-0000-0000-0000-000000000003',
   'f1000000-0000-0000-0000-000000000001',
   'Jamie Santos', 'cashier@brewpos.com',
   '$2b$10$YourHashHere_ReplaceWithActualBcryptHash_Cashier123',
   'cashier');

-- ============================================================
-- SUPPLIERS
-- ============================================================
INSERT INTO suppliers (id, tenant_id, name, contact, phone, email, address) VALUES
  ('b1000000-0000-0000-0000-000000000001',
   'f1000000-0000-0000-0000-000000000001',
   'Metro Coffee Distributors', 'Juan dela Cruz',
   '+63-2-8123-4567', 'orders@metrocoffee.ph',
   'Quezon City, Metro Manila'),
  ('b1000000-0000-0000-0000-000000000002',
   'f1000000-0000-0000-0000-000000000001',
   'FreshMilk Farms', 'Maria Santos',
   '+63-917-555-0001', 'supply@freshmilk.ph',
   'Batangas Province'),
  ('b1000000-0000-0000-0000-000000000003',
   'f1000000-0000-0000-0000-000000000001',
   'SweetSource Ingredients', 'Carlo Reyes',
   '+63-32-412-9988', 'sales@sweetsource.ph',
   'Cebu City');

-- ============================================================
-- CATEGORIES
-- ============================================================
INSERT INTO categories (id, tenant_id, name, color, icon) VALUES
  ('c1000000-0000-0000-0000-000000000001', 'f1000000-0000-0000-0000-000000000001', 'Hot Coffee',    '#6F4E37', 'coffee'),
  ('c1000000-0000-0000-0000-000000000002', 'f1000000-0000-0000-0000-000000000001', 'Cold Coffee',   '#4A90D9', 'snowflake'),
  ('c1000000-0000-0000-0000-000000000003', 'f1000000-0000-0000-0000-000000000001', 'Non-Coffee',    '#E8A87C', 'leaf'),
  ('c1000000-0000-0000-0000-000000000004', 'f1000000-0000-0000-0000-000000000001', 'Pastries',      '#D4A373', 'cake'),
  ('c1000000-0000-0000-0000-000000000005', 'f1000000-0000-0000-0000-000000000001', 'Merchandise',   '#9B8B7A', 'bag');

-- ============================================================
-- INGREDIENTS
-- ============================================================
INSERT INTO ingredients (id, tenant_id, name, unit, stock_qty, low_stock_alert, cost_per_unit, supplier_id) VALUES
  ('d1000000-0000-0000-0000-000000000001', 'f1000000-0000-0000-0000-000000000001',
   'Espresso Beans', 'g', 5000, 500, 0.045, 'b1000000-0000-0000-0000-000000000001'),
  ('d1000000-0000-0000-0000-000000000002', 'f1000000-0000-0000-0000-000000000001',
   'Fresh Milk', 'ml', 10000, 1000, 0.003, 'b1000000-0000-0000-0000-000000000002'),
  ('d1000000-0000-0000-0000-000000000003', 'f1000000-0000-0000-0000-000000000001',
   'Heavy Cream', 'ml', 3000, 300, 0.006, 'b1000000-0000-0000-0000-000000000002'),
  ('d1000000-0000-0000-0000-000000000004', 'f1000000-0000-0000-0000-000000000001',
   'White Sugar', 'g', 8000, 500, 0.002, 'b1000000-0000-0000-0000-000000000003'),
  ('d1000000-0000-0000-0000-000000000005', 'f1000000-0000-0000-0000-000000000001',
   'Brown Sugar', 'g', 3000, 300, 0.003, 'b1000000-0000-0000-0000-000000000003'),
  ('d1000000-0000-0000-0000-000000000006', 'f1000000-0000-0000-0000-000000000001',
   'Vanilla Syrup', 'ml', 2000, 200, 0.012, 'b1000000-0000-0000-0000-000000000003'),
  ('d1000000-0000-0000-0000-000000000007', 'f1000000-0000-0000-0000-000000000001',
   'Caramel Syrup', 'ml', 2000, 200, 0.014, 'b1000000-0000-0000-0000-000000000003'),
  ('d1000000-0000-0000-0000-000000000008', 'f1000000-0000-0000-0000-000000000001',
   'Hazelnut Syrup', 'ml', 1500, 200, 0.015, 'b1000000-0000-0000-0000-000000000003'),
  ('d1000000-0000-0000-0000-000000000009', 'f1000000-0000-0000-0000-000000000001',
   'Chocolate Powder', 'g', 2000, 200, 0.008, 'b1000000-0000-0000-0000-000000000003'),
  ('d1000000-0000-0000-0000-000000000010', 'f1000000-0000-0000-0000-000000000001',
   'Matcha Powder', 'g', 1000, 100, 0.025, 'b1000000-0000-0000-0000-000000000003'),
  ('d1000000-0000-0000-0000-000000000011', 'f1000000-0000-0000-0000-000000000001',
   'Ice', 'g', 20000, 2000, 0.0005, 'b1000000-0000-0000-0000-000000000002'),
  ('d1000000-0000-0000-0000-000000000012', 'f1000000-0000-0000-0000-000000000001',
   'Paper Cup 12oz', 'pcs', 500, 100, 2.50, 'b1000000-0000-0000-0000-000000000003'),
  ('d1000000-0000-0000-0000-000000000013', 'f1000000-0000-0000-0000-000000000001',
   'Paper Cup 16oz', 'pcs', 500, 100, 3.00, 'b1000000-0000-0000-0000-000000000003'),
  ('d1000000-0000-0000-0000-000000000014', 'f1000000-0000-0000-0000-000000000001',
   'Whipped Cream', 'ml', 2000, 300, 0.008, 'b1000000-0000-0000-0000-000000000002'),
  ('d1000000-0000-0000-0000-000000000015', 'f1000000-0000-0000-0000-000000000001',
   'Croissant (baked)', 'pcs', 30, 5, 35.00, 'b1000000-0000-0000-0000-000000000003'),
  ('d1000000-0000-0000-0000-000000000016', 'f1000000-0000-0000-0000-000000000001',
   'Muffin (baked)', 'pcs', 20, 5, 28.00, 'b1000000-0000-0000-0000-000000000003');

-- ============================================================
-- PRODUCTS
-- ============================================================
INSERT INTO products (id, tenant_id, name, description, price, category_id) VALUES
  ('e1000000-0000-0000-0000-000000000001', 'f1000000-0000-0000-0000-000000000001', 'Espresso', 'Double shot of rich espresso', 90.00, 'c1000000-0000-0000-0000-000000000001'),
  ('e1000000-0000-0000-0000-000000000002', 'f1000000-0000-0000-0000-000000000001', 'Americano', 'Espresso with hot water', 110.00, 'c1000000-0000-0000-0000-000000000001'),
  ('e1000000-0000-0000-0000-000000000003', 'f1000000-0000-0000-0000-000000000001', 'Cappuccino', 'Espresso, steamed milk, foam', 135.00, 'c1000000-0000-0000-0000-000000000001'),
  ('e1000000-0000-0000-0000-000000000004', 'f1000000-0000-0000-0000-000000000001', 'Latte', 'Espresso with steamed milk', 140.00, 'c1000000-0000-0000-0000-000000000001'),
  ('e1000000-0000-0000-0000-000000000005', 'f1000000-0000-0000-0000-000000000001', 'Caramel Macchiato', 'Vanilla latte with caramel drizzle', 165.00, 'c1000000-0000-0000-0000-000000000001'),
  ('e1000000-0000-0000-0000-000000000006', 'f1000000-0000-0000-0000-000000000001', 'Mocha', 'Espresso, chocolate, steamed milk', 155.00, 'c1000000-0000-0000-0000-000000000001'),
  ('e1000000-0000-0000-0000-000000000007', 'f1000000-0000-0000-0000-000000000001', 'Iced Americano', 'Espresso over ice with water', 120.00, 'c1000000-0000-0000-0000-000000000002'),
  ('e1000000-0000-0000-0000-000000000008', 'f1000000-0000-0000-0000-000000000001', 'Iced Latte', 'Espresso over ice with milk', 150.00, 'c1000000-0000-0000-0000-000000000002'),
  ('e1000000-0000-0000-0000-000000000009', 'f1000000-0000-0000-0000-000000000001', 'Cold Brew', 'Slow-steeped cold coffee', 160.00, 'c1000000-0000-0000-0000-000000000002'),
  ('e1000000-0000-0000-0000-000000000010', 'f1000000-0000-0000-0000-000000000001', 'Frappuccino', 'Blended iced coffee with cream', 180.00, 'c1000000-0000-0000-0000-000000000002'),
  ('e1000000-0000-0000-0000-000000000011', 'f1000000-0000-0000-0000-000000000001', 'Matcha Latte', 'Premium matcha with steamed milk', 155.00, 'c1000000-0000-0000-0000-000000000003'),
  ('e1000000-0000-0000-0000-000000000012', 'f1000000-0000-0000-0000-000000000001', 'Hot Chocolate', 'Rich chocolate with steamed milk', 135.00, 'c1000000-0000-0000-0000-000000000003'),
  ('e1000000-0000-0000-0000-000000000013', 'f1000000-0000-0000-0000-000000000001', 'Iced Matcha', 'Matcha over ice with milk', 160.00, 'c1000000-0000-0000-0000-000000000003'),
  ('e1000000-0000-0000-0000-000000000014', 'f1000000-0000-0000-0000-000000000001', 'Butter Croissant', 'Flaky French butter croissant', 85.00, 'c1000000-0000-0000-0000-000000000004'),
  ('e1000000-0000-0000-0000-000000000015', 'f1000000-0000-0000-0000-000000000001', 'Blueberry Muffin', 'Moist muffin with blueberries', 75.00, 'c1000000-0000-0000-0000-000000000004');

-- ============================================================
-- RECIPES (unchanged — no tenant_id needed, linked via product)
-- ============================================================
INSERT INTO recipes (product_id, ingredient_id, quantity) VALUES
  ('e1000000-0000-0000-0000-000000000001', 'd1000000-0000-0000-0000-000000000001', 18),
  ('e1000000-0000-0000-0000-000000000001', 'd1000000-0000-0000-0000-000000000004', 0),
  ('e1000000-0000-0000-0000-000000000001', 'd1000000-0000-0000-0000-000000000012', 1),
  ('e1000000-0000-0000-0000-000000000002', 'd1000000-0000-0000-0000-000000000001', 18),
  ('e1000000-0000-0000-0000-000000000002', 'd1000000-0000-0000-0000-000000000012', 1),
  ('e1000000-0000-0000-0000-000000000003', 'd1000000-0000-0000-0000-000000000001', 18),
  ('e1000000-0000-0000-0000-000000000003', 'd1000000-0000-0000-0000-000000000002', 120),
  ('e1000000-0000-0000-0000-000000000003', 'd1000000-0000-0000-0000-000000000012', 1),
  ('e1000000-0000-0000-0000-000000000004', 'd1000000-0000-0000-0000-000000000001', 18),
  ('e1000000-0000-0000-0000-000000000004', 'd1000000-0000-0000-0000-000000000002', 200),
  ('e1000000-0000-0000-0000-000000000004', 'd1000000-0000-0000-0000-000000000012', 1),
  ('e1000000-0000-0000-0000-000000000005', 'd1000000-0000-0000-0000-000000000001', 18),
  ('e1000000-0000-0000-0000-000000000005', 'd1000000-0000-0000-0000-000000000002', 200),
  ('e1000000-0000-0000-0000-000000000005', 'd1000000-0000-0000-0000-000000000006', 15),
  ('e1000000-0000-0000-0000-000000000005', 'd1000000-0000-0000-0000-000000000007', 15),
  ('e1000000-0000-0000-0000-000000000005', 'd1000000-0000-0000-0000-000000000013', 1),
  ('e1000000-0000-0000-0000-000000000006', 'd1000000-0000-0000-0000-000000000001', 18),
  ('e1000000-0000-0000-0000-000000000006', 'd1000000-0000-0000-0000-000000000002', 180),
  ('e1000000-0000-0000-0000-000000000006', 'd1000000-0000-0000-0000-000000000009', 20),
  ('e1000000-0000-0000-0000-000000000006', 'd1000000-0000-0000-0000-000000000013', 1),
  ('e1000000-0000-0000-0000-000000000007', 'd1000000-0000-0000-0000-000000000001', 18),
  ('e1000000-0000-0000-0000-000000000007', 'd1000000-0000-0000-0000-000000000011', 200),
  ('e1000000-0000-0000-0000-000000000007', 'd1000000-0000-0000-0000-000000000013', 1),
  ('e1000000-0000-0000-0000-000000000008', 'd1000000-0000-0000-0000-000000000001', 18),
  ('e1000000-0000-0000-0000-000000000008', 'd1000000-0000-0000-0000-000000000002', 150),
  ('e1000000-0000-0000-0000-000000000008', 'd1000000-0000-0000-0000-000000000011', 150),
  ('e1000000-0000-0000-0000-000000000008', 'd1000000-0000-0000-0000-000000000013', 1),
  ('e1000000-0000-0000-0000-000000000011', 'd1000000-0000-0000-0000-000000000010', 8),
  ('e1000000-0000-0000-0000-000000000011', 'd1000000-0000-0000-0000-000000000002', 200),
  ('e1000000-0000-0000-0000-000000000011', 'd1000000-0000-0000-0000-000000000004', 15),
  ('e1000000-0000-0000-0000-000000000011', 'd1000000-0000-0000-0000-000000000013', 1),
  ('e1000000-0000-0000-0000-000000000012', 'd1000000-0000-0000-0000-000000000009', 25),
  ('e1000000-0000-0000-0000-000000000012', 'd1000000-0000-0000-0000-000000000002', 200),
  ('e1000000-0000-0000-0000-000000000012', 'd1000000-0000-0000-0000-000000000004', 20),
  ('e1000000-0000-0000-0000-000000000012', 'd1000000-0000-0000-0000-000000000012', 1),
  ('e1000000-0000-0000-0000-000000000014', 'd1000000-0000-0000-0000-000000000015', 1),
  ('e1000000-0000-0000-0000-000000000015', 'd1000000-0000-0000-0000-000000000016', 1);

-- ============================================================
-- SAMPLE EXPENSES
-- ============================================================
INSERT INTO expenses (tenant_id, category, description, amount, expense_date, recorded_by) VALUES
  ('f1000000-0000-0000-0000-000000000001', 'rent',        'Monthly shop rent - April 2024',         18000.00, '2024-04-01', 'a1b2c3d4-0000-0000-0000-000000000001'),
  ('f1000000-0000-0000-0000-000000000001', 'utilities',   'Electricity bill - March 2024',           3250.00, '2024-04-05', 'a1b2c3d4-0000-0000-0000-000000000001'),
  ('f1000000-0000-0000-0000-000000000001', 'utilities',   'Water bill - March 2024',                  850.00, '2024-04-05', 'a1b2c3d4-0000-0000-0000-000000000001'),
  ('f1000000-0000-0000-0000-000000000001', 'salaries',    'Staff salaries - March 2024',            45000.00, '2024-03-31', 'a1b2c3d4-0000-0000-0000-000000000001'),
  ('f1000000-0000-0000-0000-000000000001', 'ingredients', 'Espresso beans restock - 5kg',            9500.00, '2024-04-02', 'a1b2c3d4-0000-0000-0000-000000000002'),
  ('f1000000-0000-0000-0000-000000000001', 'ingredients', 'Milk delivery - week 1 April',            2800.00, '2024-04-01', 'a1b2c3d4-0000-0000-0000-000000000002'),
  ('f1000000-0000-0000-0000-000000000001', 'ingredients', 'Syrups and powders restock',              3200.00, '2024-04-03', 'a1b2c3d4-0000-0000-0000-000000000002'),
  ('f1000000-0000-0000-0000-000000000001', 'marketing',   'Social media ads - April',                1500.00, '2024-04-01', 'a1b2c3d4-0000-0000-0000-000000000001'),
  ('f1000000-0000-0000-0000-000000000001', 'equipment',   'Coffee grinder maintenance',              2500.00, '2024-04-08', 'a1b2c3d4-0000-0000-0000-000000000001');
